e628ac,::1,GET,http://localhost/projet_lo07/web/app_dev.php/,1465984777,,200
b53226,::1,GET,http://localhost/projet_lo07/web/app_dev.php/,1465984848,,200
1b8740,::1,GET,http://localhost/projet_lo07/web/app_dev.php/,1465984993,f7f7b0,200
f7f7b0,::1,GET,http://localhost/projet_lo07/web/app_dev.php/,1465984993,,500
346e74,::1,GET,http://localhost/projet_lo07/web/app_dev.php/,1465985248,40828d,200
40828d,::1,GET,http://localhost/projet_lo07/web/app_dev.php/,1465985248,,500
40ed3a,::1,GET,http://localhost/projet_lo07/web/app_dev.php/,1465985595,,200
32418c,::1,GET,http://localhost/projet_lo07/web/app_dev.php/,1465985623,,200
233e3e,::1,GET,http://localhost/projet_lo07/web/app_dev.php/,1465985697,,200
822d7f,::1,GET,http://localhost/projet_lo07/web/app_dev.php/,1465985762,,200
7287bd,::1,GET,http://localhost/projet_lo07/web/app_dev.php/chercheur/,1466631051,97f5df,200
97f5df,::1,GET,http://localhost/projet_lo07/web/app_dev.php/chercheur/,1466631052,,404
7df975,::1,GET,http://localhost/projet_lo07/web/app_dev.php/chercheu,1466631055,53637e,200
53637e,::1,GET,http://localhost/projet_lo07/web/app_dev.php/chercheu,1466631055,,404
8184f8,::1,GET,http://localhost/projet_lo07/web/app_dev.php/chercheur,1466631062,,200
078ccd,::1,GET,http://localhost/projet_lo07/web/app_dev.php/chercheur/viex,1466631069,8675e5,200
8675e5,::1,GET,http://localhost/projet_lo07/web/app_dev.php/chercheur/viex,1466631070,,404
de7e76,::1,GET,http://localhost/projet_lo07/web/app_dev.php/chercheur/view,1466631077,,200
e55b54,::1,GET,http://localhost/projet_lo07/web/app_dev.php/,1466631093,,200
6a5ae3,::1,GET,http://localhost/projet_lo07/web/app_dev.php/,1466631384,,200
f1c491,::1,GET,http://localhost/projet_lo07/web/app_dev.php/,1466631449,,200
909062,::1,GET,http://localhost/projet_lo07/web/app_dev.php/,1466631465,,200
f7deb3,::1,GET,http://localhost/projet_lo07/web/app_dev.php/,1466631471,,200
d4a1d3,::1,GET,http://localhost/projet_lo07/web/app_dev.php/,1466631499,,200
6b7be2,::1,GET,http://localhost/projet_lo07/web/app_dev.php/,1466631534,,200
68183c,::1,GET,http://localhost/projet_lo07/web/app_dev.php/,1466631573,,200
ce06de,::1,GET,http://localhost/projet_lo07/web/app_dev.php/,1466631590,,200
48835d,::1,GET,http://localhost/projet_lo07/web/app_dev.php/,1466631593,,200
8d7a9c,::1,GET,http://localhost/projet_lo07/web/app_dev.php/,1466631600,,200
12926a,::1,GET,http://localhost/projet_lo07/web/app_dev.php/,1466631643,a7b971,200
a7b971,::1,GET,http://localhost/projet_lo07/web/app_dev.php/,1466631643,,500
0b6c81,::1,GET,http://localhost/projet_lo07/web/app_dev.php/,1466631714,,200
300e18,::1,GET,http://localhost/projet_lo07/web/app_dev.php/,1466631792,,200
9f3df7,::1,GET,http://localhost/projet_lo07/web/app_dev.php/,1466631795,,200
8c51cd,::1,GET,http://localhost/projet_lo07/web/app_dev.php/,1466631816,,200
b8edb6,::1,GET,http://localhost/projet_lo07/web/app_dev.php/,1466631829,,200
7282d5,::1,GET,http://localhost/projet_lo07/web/app_dev.php/,1466632001,,200
49ca34,::1,GET,http://localhost/projet_lo07/web/app_dev.php/,1466632014,,200
f0cc86,::1,GET,http://localhost/projet_lo07/web/app_dev.php/,1466632098,,200
66960b,::1,GET,http://localhost/projet_lo07/web/app_dev.php/,1466632138,,200
e00c6a,::1,GET,http://localhost/projet_lo07/web/app_dev.php/,1466632162,,200
01a194,::1,GET,http://localhost/projet_lo07/web/app_dev.php/,1466632235,,200
bda782,::1,GET,http://localhost/projet_lo07/web/app_dev.php/,1466632249,,200
cf5746,::1,GET,http://localhost/projet_lo07/web/app_dev.php/,1466632263,,200
87a4d8,::1,GET,http://localhost/projet_lo07/web/app_dev.php/,1466632281,,200
064a43,::1,GET,http://localhost/projet_lo07/web/app_dev.php/,1466632355,,200
dcd3a1,::1,GET,http://localhost/projet_lo07/web/app_dev.php/,1466632366,,200
79ebd9,::1,GET,http://localhost/projet_lo07/web/app_dev.php/,1466632430,,200
c8390b,::1,GET,http://localhost/projet_lo07/web/app_dev.php/,1466632451,,200
e746c7,::1,GET,http://localhost/projet_lo07/web/app_dev.php/,1466632462,,200
0229b1,::1,GET,http://localhost/projet_lo07/web/app_dev.php/,1466632472,,200
ce636c,::1,GET,http://localhost/projet_lo07/web/app_dev.php/,1466633064,,200
fd1793,::1,GET,http://localhost/projet_lo07/web/app_dev.php/,1466633067,,200
223054,::1,GET,http://localhost/projet_lo07/web/app_dev.php/,1466633069,,200
4bf9ea,::1,GET,http://localhost/projet_lo07/web/app_dev.php/,1466633071,,200
81dac3,::1,GET,http://localhost/projet_lo07/web/app_dev.php/,1466633075,,200
7866c8,::1,GET,http://localhost/projet_lo07/web/app_dev.php/,1466633086,,200
ccbec1,::1,GET,http://localhost/projet_lo07/web/app_dev.php/,1466633088,,200
e18adb,::1,GET,http://localhost/projet_lo07/web/app_dev.php/,1466633089,,200
34c6a6,::1,GET,http://localhost/projet_lo07/web/app_dev.php/,1466633118,,200
a00e37,::1,GET,http://localhost/projet_lo07/web/app_dev.php/,1466633186,,200
8fec6f,::1,GET,http://localhost/projet_lo07/web/app_dev.php/,1466633197,,200
48aab4,::1,GET,http://localhost/projet_lo07/web/app_dev.php/,1466633215,,200
82b684,::1,GET,http://localhost/projet_lo07/web/app_dev.php/,1466633245,,200
0ac8fd,::1,GET,http://localhost/projet_lo07/web/app_dev.php/,1466633269,,200
5d6885,::1,GET,http://localhost/projet_lo07/web/app_dev.php/,1466633330,,200
73f63a,::1,GET,http://localhost/projet_lo07/web/app_dev.php/,1466633362,,200
bb4bbf,::1,GET,http://localhost/projet_lo07/web/app_dev.php/,1466633369,,200
3a2e19,::1,GET,http://localhost/projet_lo07/web/app_dev.php/,1466633664,,200
289f86,::1,GET,http://localhost/projet_lo07/web/app_dev.php/,1466633698,,200
5fd389,::1,GET,http://localhost/projet_lo07/web/app_dev.php/,1466633706,,200
ab057f,::1,GET,http://localhost/projet_lo07/web/app_dev.php/,1466633719,,200
5b3908,::1,GET,http://localhost/projet_lo07/web/app_dev.php/,1466633768,,200
ec96d8,::1,GET,http://localhost/projet_lo07/web/app_dev.php/,1466633785,,200
ac7e56,::1,GET,http://localhost/projet_lo07/web/app_dev.php/,1466633819,,200
286a1f,::1,GET,http://localhost/projet_lo07/web/app_dev.php/,1466633830,,200
9c4dfa,::1,GET,http://localhost/projet_lo07/web/app_dev.php/,1466633860,,200
fb6a02,::1,GET,http://localhost/projet_lo07/web/app_dev.php/,1466633995,,200
c5f5bc,::1,GET,http://localhost/projet_lo07/web/app_dev.php/,1466634012,,200
1608b2,::1,GET,http://localhost/projet_lo07/web/app_dev.php/,1466634026,,200
d5a985,::1,GET,http://localhost/projet_lo07/web/app_dev.php/,1466634060,,200
2f056e,::1,GET,http://localhost/projet_lo07/web/app_dev.php/,1466634063,,200
2fd54a,::1,GET,http://localhost/projet_lo07/web/app_dev.php/,1466634139,,200
44a91a,::1,GET,http://localhost/projet_lo07/web/app_dev.php/,1466634143,,200
a7f4a3,::1,GET,http://localhost/projet_lo07/web/app_dev.php/,1466634143,,200
1dc9a6,::1,GET,http://localhost/projet_lo07/web/app_dev.php/,1466634144,,200
a9b4d9,::1,GET,http://localhost/projet_lo07/web/app_dev.php/,1466634144,,200
25a0a4,::1,GET,http://localhost/projet_lo07/web/app_dev.php/,1466634159,,200
b6ecbe,::1,GET,http://localhost/projet_lo07/web/app_dev.php/,1466634159,,200
74cbee,::1,GET,http://localhost/projet_lo07/web/app_dev.php/,1466634160,,200
1a6129,::1,GET,http://localhost/projet_lo07/web/app_dev.php/,1466634160,,200
af2c23,::1,GET,http://localhost/projet_lo07/web/app_dev.php/,1466634196,c758a6,200
c758a6,::1,GET,http://localhost/projet_lo07/web/app_dev.php/,1466634196,,500
f321fc,::1,GET,http://localhost/projet_lo07/web/app_dev.php/,1466634405,c382c9,200
c382c9,::1,GET,http://localhost/projet_lo07/web/app_dev.php/,1466634406,,500
c3d3f1,::1,GET,http://localhost/projet_lo07/web/app_dev.php/,1466634414,,200
b5de26,::1,GET,http://localhost/projet_lo07/web/app_dev.php/,1466634433,,200
89d6bc,::1,GET,http://localhost/projet_lo07/web/app_dev.php/,1466634448,,200
f7dc42,::1,GET,http://localhost/projet_lo07/web/app_dev.php/,1466634453,,200
f01df1,::1,GET,http://localhost/projet_lo07/web/app_dev.php/,1466634453,,200
1cc30a,::1,GET,http://localhost/projet_lo07/web/app_dev.php/,1466634453,,200
f899db,::1,GET,http://localhost/projet_lo07/web/app_dev.php/,1466634454,,200
c4a00f,::1,GET,http://localhost/projet_lo07/web/app_dev.php/,1466634454,,200
bd4922,::1,GET,http://localhost/projet_lo07/web/app_dev.php/,1466634460,,200
0cf4e0,::1,GET,http://localhost/projet_lo07/web/app_dev.php/,1466634477,,200
2af808,::1,GET,http://localhost/projet_lo07/web/app_dev.php/,1466634478,,200
ec783f,::1,GET,http://localhost/projet_lo07/web/app_dev.php/,1466634478,,200
b0f21f,::1,GET,http://localhost/projet_lo07/web/app_dev.php/,1466634478,,200
884193,::1,GET,http://localhost/projet_lo07/web/app_dev.php/,1466634479,,200
4eb2cd,::1,GET,http://localhost/projet_lo07/web/app_dev.php/,1466634479,,200
4c1b43,::1,GET,http://localhost/projet_lo07/web/app_dev.php/,1466634755,,200
1edb40,::1,GET,http://localhost/projet_lo07/web/app_dev.php/,1466634756,,200
822c57,::1,GET,http://localhost/projet_lo07/web/app_dev.php/,1466634757,,200
12873c,::1,GET,http://localhost/projet_lo07/web/app_dev.php/,1466634889,,200
58286e,::1,GET,http://localhost/projet_lo07/web/app_dev.php/,1466634891,,200
37a430,::1,GET,http://localhost/projet_lo07/web/app_dev.php/,1466635005,8898e5,200
8898e5,::1,GET,http://localhost/projet_lo07/web/app_dev.php/,1466635005,,500
1605be,::1,GET,http://localhost/projet_lo07/web/app_dev.php/_wdt/8898e5,1466635007,fd3bc0,200
fd3bc0,::1,GET,http://localhost/projet_lo07/web/app_dev.php/_wdt/8898e5,1466635007,,500
d6b643,::1,GET,http://localhost/projet_lo07/web/app_dev.php/,1466635018,,200
414467,::1,GET,http://localhost/projet_lo07/web/app_dev.php/article/view,1466635021,60955e,200
60955e,::1,GET,http://localhost/projet_lo07/web/app_dev.php/article/view,1466635021,,500
cdb54e,::1,GET,http://localhost/projet_lo07/web/app_dev.php/article/view,1466635031,c1f446,200
c1f446,::1,GET,http://localhost/projet_lo07/web/app_dev.php/article/view,1466635031,,500
58a64a,::1,GET,http://localhost/projet_lo07/web/app_dev.php/article/view,1466635086,ac33a5,200
ac33a5,::1,GET,http://localhost/projet_lo07/web/app_dev.php/article/view,1466635086,,500
f5aad9,::1,GET,http://localhost/projet_lo07/web/app_dev.php/,1466635183,,200
725095,::1,GET,http://localhost/projet_lo07/web/app_dev.php/article/view,1466635204,4adc0f,200
4adc0f,::1,GET,http://localhost/projet_lo07/web/app_dev.php/article/view,1466635204,,500
c53f54,::1,GET,http://localhost/projet_lo07/web/app_dev.php/article/view,1466635258,c836a8,200
c836a8,::1,GET,http://localhost/projet_lo07/web/app_dev.php/article/view,1466635258,,500
ac4387,::1,GET,http://localhost/projet_lo07/web/app_dev.php/article/view,1466635272,869a03,200
869a03,::1,GET,http://localhost/projet_lo07/web/app_dev.php/article/view,1466635272,,500
5fec91,::1,GET,http://localhost/projet_lo07/web/app_dev.php/article/view/2,1466635322,258374,200
258374,::1,GET,http://localhost/projet_lo07/web/app_dev.php/article/view/2,1466635322,,500
2693c1,::1,GET,http://localhost/projet_lo07/web/app_dev.php/article/view/2,1466635360,816bd3,200
816bd3,::1,GET,http://localhost/projet_lo07/web/app_dev.php/article/view/2,1466635360,,500
d842fb,::1,GET,http://localhost/projet_lo07/web/app_dev.php/article/view/2,1466635380,59d00d,200
59d00d,::1,GET,http://localhost/projet_lo07/web/app_dev.php/article/view/2,1466635380,,500
48cfab,::1,GET,http://localhost/projet_lo07/web/app_dev.php/article/view/2,1466635435,bdbebc,200
bdbebc,::1,GET,http://localhost/projet_lo07/web/app_dev.php/article/view/2,1466635435,,500
470bf2,::1,GET,http://localhost/projet_lo07/web/app_dev.php/,1466635474,,200
29c9fc,::1,GET,http://localhost/projet_lo07/web/app_dev.php/article/view/2,1466635477,0522df,200
0522df,::1,GET,http://localhost/projet_lo07/web/app_dev.php/article/view/2,1466635477,,500
237e89,::1,GET,http://localhost/projet_lo07/web/app_dev.php/article/view/2,1466635652,a17979,200
a17979,::1,GET,http://localhost/projet_lo07/web/app_dev.php/article/view/2,1466635652,,500
ee6afe,::1,GET,http://localhost/projet_lo07/web/app_dev.php/article/view/2,1466635701,,200
493578,::1,GET,http://localhost/projet_lo07/web/app_dev.php/,1466635708,,200
13f8be,::1,GET,http://localhost/projet_lo07/web/app_dev.php/article/view/2,1466635712,,200
47e58d,::1,GET,http://localhost/projet_lo07/web/app_dev.php/,1466635717,,200
6e17c5,::1,GET,http://localhost/projet_lo07/web/app_dev.php/article/view,1466635720,,200
a0061f,::1,GET,http://localhost/projet_lo07/web/app_dev.php/,1466635722,,200
7bfdf7,::1,GET,http://localhost/projet_lo07/web/app_dev.php/,1466635759,,200
b6e99b,::1,GET,http://localhost/projet_lo07/web/app_dev.php/,1466635769,,200
ea464a,::1,GET,http://localhost/projet_lo07/web/app_dev.php/,1466635786,,200
f82e98,::1,GET,http://localhost/projet_lo07/web/app_dev.php/,1466681346,,200
29fa1a,::1,GET,http://localhost/projet_lo07/web/app_dev.php/,1466681356,,200
38672f,::1,GET,http://localhost/projet_lo07/web/app_dev.php/article/view,1466681358,,200
a7c06d,::1,GET,http://localhost/projet_lo07/web/app_dev.php/article/view/2,1466681365,,200
1681a1,::1,GET,http://localhost/projet_lo07/web/app_dev.php/,1466681414,,200
f444f6,::1,GET,http://localhost/projet_lo07/web/app_dev.php/article/view/1,1466681417,,200
c2ca86,::1,GET,http://localhost/projet_lo07/web/app_dev.php/,1466681426,,200
175025,::1,GET,http://localhost/projet_lo07/web/app_dev.php/,1466681500,,200
2667c8,::1,GET,http://localhost/projet_lo07/web/app_dev.php/,1466681503,,200
22ed0d,::1,GET,http://localhost/projet_lo07/web/app_dev.php/article/view/2,1466681506,,200
7e21bb,::1,GET,http://localhost/projet_lo07/web/app_dev.php/,1466681517,,200
c75040,::1,GET,http://localhost/projet_lo07/web/app_dev.php/,1466682127,363dff,200
363dff,::1,GET,http://localhost/projet_lo07/web/app_dev.php/,1466682127,,500
a46001,::1,GET,http://localhost/projet_lo07/web/app_dev.php/,1466682142,,200
2bf799,::1,GET,http://localhost/projet_lo07/web/app_dev.php/chercheur/add,1466682147,,200
f22c6f,::1,GET,http://localhost/projet_lo07/web/app_dev.php/chercheur/add,1466682346,,200
8e70fb,::1,GET,http://localhost/projet_lo07/web/app_dev.php/,1466682349,,200
342abb,::1,GET,http://localhost/projet_lo07/web/app_dev.php/chercheur/add,1466682352,,200
87a1be,::1,GET,http://localhost/projet_lo07/web/app_dev.php/,1466682364,,200
e6e759,::1,GET,http://localhost/projet_lo07/web/app_dev.php/,1466682382,,200
765d3f,::1,GET,http://localhost/projet_lo07/web/app_dev.php/chercheur/add,1466682385,,200
5fb462,::1,POST,http://localhost/projet_lo07/web/app_dev.php/chercheur/add,1466682416,,302
f9e3f8,::1,GET,http://localhost/projet_lo07/web/app_dev.php/chercheur/view,1466682417,,200
f91e08,::1,POST,http://localhost/projet_lo07/web/app_dev.php/chercheur/add,1466683097,,302
abc0ad,::1,GET,http://localhost/projet_lo07/web/app_dev.php/chercheur/view,1466683098,,200
3a178a,::1,GET,http://localhost/projet_lo07/web/app_dev.php/,1466683685,,200
9ab8ca,::1,GET,http://localhost/projet_lo07/web/app_dev.php/chercheur/add,1466683688,5ee7ce,200
5ee7ce,::1,GET,http://localhost/projet_lo07/web/app_dev.php/chercheur/add,1466683688,,500
ee8827,::1,GET,http://localhost/projet_lo07/web/app_dev.php/chercheur/add,1466683757,c440f3,200
c440f3,::1,GET,http://localhost/projet_lo07/web/app_dev.php/chercheur/add,1466683757,,500
961b97,::1,GET,http://localhost/projet_lo07/web/app_dev.php/chercheur/add,1466683782,,200
d8c177,::1,GET,http://localhost/projet_lo07/web/app_dev.php/chercheur/add,1466683865,,200
b116d5,::1,GET,http://localhost/projet_lo07/web/app_dev.php/chercheur/add,1466683944,,200
dde7cf,::1,GET,http://localhost/projet_lo07/web/app_dev.php/chercheur/add,1466684078,,200
e1433f,::1,GET,http://localhost/projet_lo07/web/app_dev.php/chercheur/add,1466684178,6a6928,200
6a6928,::1,GET,http://localhost/projet_lo07/web/app_dev.php/chercheur/add,1466684178,,500
082d60,::1,GET,http://localhost/projet_lo07/web/app_dev.php/chercheur/add,1466684187,,200
fd3490,::1,GET,http://localhost/projet_lo07/web/app_dev.php/chercheur/add,1466684211,,200
859207,::1,GET,http://localhost/projet_lo07/web/app_dev.php/chercheur/add,1466684238,,200
4b6c80,::1,GET,http://localhost/projet_lo07/web/app_dev.php/chercheur/add,1466684251,,200
c80b8b,::1,GET,http://localhost/projet_lo07/web/app_dev.php/chercheur/add,1466684314,,200
7de12d,::1,POST,http://localhost/projet_lo07/web/app_dev.php/chercheur/add,1466684319,,302
c018a4,::1,GET,http://localhost/projet_lo07/web/app_dev.php/chercheur/view,1466684319,,200
f1d89c,::1,GET,http://localhost/projet_lo07/web/app_dev.php/,1466684497,,200
5c8891,::1,GET,http://localhost/projet_lo07/web/app_dev.php/chercheur/add,1466684502,,200
bc72ed,::1,GET,http://localhost/projet_lo07/web/app_dev.php/chercheur/add,1466684554,d041e5,200
d041e5,::1,GET,http://localhost/projet_lo07/web/app_dev.php/chercheur/add,1466684554,,500
ef43c3,::1,GET,http://localhost/projet_lo07/web/app_dev.php/chercheur/add,1466684567,,200
d4cf1e,::1,GET,http://localhost/projet_lo07/web/app_dev.php/chercheur/add,1466684585,,200
923644,::1,GET,http://localhost/projet_lo07/web/app_dev.php/chercheur/add,1466684738,,200
e6d228,::1,GET,http://localhost/projet_lo07/web/app_dev.php/chercheur/add,1466684748,,200
dd53ec,::1,GET,http://localhost/projet_lo07/web/app_dev.php/chercheur/add,1466684765,,200
ea530c,::1,GET,http://localhost/projet_lo07/web/app_dev.php/chercheur/add,1466684780,,200
e8d92b,::1,GET,http://localhost/projet_lo07/web/app_dev.php/chercheur/add,1466684812,,200
8a5af1,::1,GET,http://localhost/projet_lo07/web/app_dev.php/chercheur/add,1466684825,,200
fb9a09,::1,GET,http://localhost/projet_lo07/web/app_dev.php/,1466684827,,200
85bf30,::1,GET,http://localhost/projet_lo07/web/app_dev.php/,1466684896,,200
b64b8e,::1,GET,http://localhost/projet_lo07/web/app_dev.php/,1466684913,,200
2d84b5,::1,GET,http://localhost/projet_lo07/web/app_dev.php/,1466684926,,200
d03c3a,::1,GET,http://localhost/projet_lo07/web/app_dev.php/article/view/1,1466684933,,200
ae4121,::1,GET,http://localhost/projet_lo07/web/app_dev.php/article/view,1466684937,,200
a14f86,::1,GET,http://localhost/projet_lo07/web/app_dev.php/article/view/1,1466685026,,200
3b70e4,::1,GET,http://localhost/projet_lo07/web/app_dev.php/article/view/1,1466685059,,200
9a5fc7,::1,GET,http://localhost/projet_lo07/web/app_dev.php/article/view/1,1466685068,,200
288b3b,::1,GET,http://localhost/projet_lo07/web/app_dev.php/article/view/1,1466685076,,200
87258b,::1,GET,http://localhost/projet_lo07/web/app_dev.php/article/add,1466685969,,200
515c60,::1,GET,http://localhost/projet_lo07/web/app_dev.php/chercheur/add,1466685987,,200
3607af,::1,GET,http://localhost/projet_lo07/web/app_dev.php/chercheur/add,1466685992,,200
17d420,::1,GET,http://localhost/projet_lo07/web/app_dev.php/chercheur/add,1466685994,,200
4098be,::1,GET,http://localhost/projet_lo07/web/app_dev.php/article/view,1466685995,,200
4edec4,::1,GET,http://localhost/projet_lo07/web/app_dev.php/article/add,1466685996,,200
48232b,::1,GET,http://localhost/projet_lo07/web/app_dev.php/article/view,1466685996,,200
a2f0db,::1,GET,http://localhost/projet_lo07/web/app_dev.php/article/view,1466685997,,200
755bee,::1,GET,http://localhost/projet_lo07/web/app_dev.php/article/add,1466685997,,200
226762,::1,GET,http://localhost/projet_lo07/web/app_dev.php/article/view,1466685998,,200
0b4ff6,::1,GET,http://localhost/projet_lo07/web/app_dev.php/,1466688272,,200
b2cb9d,::1,GET,http://localhost/projet_lo07/web/app_dev.php/,1466688277,,200
faca14,::1,GET,http://localhost/projet_lo07/web/app_dev.php/,1466688290,,200
8bdd89,::1,GET,http://localhost/projet_lo07/web/app_dev.php/,1466688292,,200
0ad45a,::1,GET,http://localhost/projet_lo07/web/app_dev.php/article/add,1466688295,,200
9350f9,::1,GET,http://localhost/projet_lo07/web/app_dev.php/chercheur/add,1466688305,,200
0553bf,::1,GET,http://localhost/projet_lo07/web/app_dev.php/chercheur/add,1466688316,,200
5e8bc3,::1,GET,http://localhost/projet_lo07/web/app_dev.php/,1466688333,,200
6cd2d9,::1,GET,http://localhost/projet_lo07/web/app_dev.php/article/view/1,1466688336,,200
eb04e1,::1,GET,http://localhost/projet_lo07/web/app_dev.php/article/view,1466688389,,200
407b8e,::1,GET,http://localhost/projet_lo07/web/app_dev.php/,1466688402,,200
01ce5f,::1,GET,http://localhost/projet_lo07/web/app_dev.php/article/view/2,1466688405,,200
94514f,::1,GET,http://localhost/projet_lo07/web/app_dev.php/article/add,1466688412,,200
fae878,::1,POST,http://localhost/projet_lo07/web/app_dev.php/article/add,1466688440,,302
aa08dc,::1,GET,http://localhost/projet_lo07/web/app_dev.php/article/view,1466688441,,200
fea8bc,::1,GET,http://localhost/projet_lo07/web/app_dev.php/article/view,1466688449,,200
77f4a0,::1,GET,http://localhost/projet_lo07/web/app_dev.php/article/view,1466688468,,200
85ace9,::1,GET,http://localhost/projet_lo07/web/app_dev.php/article/add,1466688483,,200
8b26d5,::1,GET,http://localhost/projet_lo07/web/app_dev.php/,1466688488,,200
963a24,::1,GET,http://localhost/projet_lo07/web/app_dev.php/article/view/3,1466688497,,200
d26f70,::1,GET,http://localhost/projet_lo07/web/app_dev.php/,1466688614,,200
d5f39a,::1,GET,http://localhost/projet_lo07/web/app_dev.php/,1466688639,,200
17abe9,::1,GET,http://localhost/projet_lo07/web/app_dev.php/article/add,1466688646,,200
bd9d92,::1,GET,http://localhost/projet_lo07/web/app_dev.php/chercheur/add,1466688649,,200
6cf975,::1,POST,http://localhost/projet_lo07/web/app_dev.php/chercheur/add,1466688655,,302
efdd9c,::1,GET,http://localhost/projet_lo07/web/app_dev.php/chercheur/view,1466688655,,200
8ca3fc,::1,GET,http://localhost/projet_lo07/web/app_dev.php/,1466688663,,200
c7a10e,::1,GET,http://localhost/projet_lo07/web/app_dev.php/,1466688698,,200
1b0866,::1,GET,http://localhost/projet_lo07/web/app_dev.php/,1466688740,,200
a83248,::1,GET,http://localhost/projet_lo07/web/app_dev.php/,1466688751,,200
97aed3,::1,GET,http://localhost/projet_lo07/web/app_dev.php/,1466688778,,200
9405a4,::1,GET,http://localhost/projet_lo07/web/app_dev.php/,1466688797,,200
6a5fe6,::1,GET,http://localhost/projet_lo07/web/app_dev.php/chercheur/add,1466688811,,200
b97d89,::1,GET,http://localhost/projet_lo07/web/app_dev.php/chercheur/add,1466688864,,200
75f256,::1,GET,http://localhost/projet_lo07/web/app_dev.php/chercheur/add,1466688903,,200
476dd2,::1,GET,http://localhost/projet_lo07/web/app_dev.php/chercheur/add,1466689186,,200
abe9cb,::1,GET,http://localhost/projet_lo07/web/app_dev.php/chercheur/add,1466689305,,200
ce75af,::1,GET,http://localhost/projet_lo07/web/app_dev.php/chercheur/add,1466689433,,200
7e6c18,::1,GET,http://localhost/projet_lo07/web/app_dev.php/chercheur/add,1466689490,,200
43b772,::1,GET,http://localhost/projet_lo07/web/app_dev.php/chercheur/add,1466689541,,200
3d174e,::1,GET,http://localhost/projet_lo07/web/app_dev.php/chercheur/add,1466689548,,200
b2098f,::1,GET,http://localhost/projet_lo07/web/app_dev.php/chercheur/add,1466689619,,200
98976e,::1,GET,http://localhost/projet_lo07/web/app_dev.php/,1466689626,,200
61779f,::1,GET,http://localhost/projet_lo07/web/app_dev.php/article/view/1,1466689632,,200
54d1c4,::1,GET,http://localhost/projet_lo07/web/app_dev.php/,1466689907,,200
89867f,::1,GET,http://localhost/projet_lo07/web/app_dev.php/chercheur/add,1466690067,,200
979738,::1,POST,http://localhost/projet_lo07/web/app_dev.php/chercheur/add,1466690096,,302
3dc6bb,::1,GET,http://localhost/projet_lo07/web/app_dev.php/chercheur/view,1466690097,,200
f1c79d,::1,GET,http://localhost/projet_lo07/web/app_dev.php/,1466692426,,200
916a10,::1,GET,http://localhost/projet_lo07/web/app_dev.php/article/view/1,1466692430,,200
5dbac7,::1,GET,http://localhost/projet_lo07/web/app_dev.php/article/add,1466692445,,200
41cc76,::1,GET,http://localhost/projet_lo07/web/app_dev.php/article/view,1466692450,,200
829401,::1,GET,http://localhost/projet_lo07/web/app_dev.php/,1466692477,,200
281484,::1,GET,http://localhost/projet_lo07/web/app_dev.php/article/add,1466693124,,200
2015c3,::1,GET,http://localhost/projet_lo07/web/app_dev.php/chercheur/add,1466693126,,200
172848,::1,GET,http://localhost/projet_lo07/web/app_dev.php/chercheur/add,1466693963,,200
eec9fd,::1,GET,http://localhost/projet_lo07/web/app_dev.php/chercheur/add,1466694406,,200
1bab2d,::1,GET,http://localhost/projet_lo07/web/app_dev.php/,1466694412,,200
2130aa,::1,GET,http://localhost/projet_lo07/web/app_dev.php/,1466694427,,200
b7d2c0,::1,GET,http://localhost/projet_lo07/web/app_dev.php/chercheur/add,1466694431,,200
411c6a,::1,POST,http://localhost/projet_lo07/web/app_dev.php/chercheur/add,1466694435,,302
e85de6,::1,GET,http://localhost/projet_lo07/web/app_dev.php/chercheur/view,1466694436,,200
ed0a5e,::1,GET,http://localhost/projet_lo07/web/app_dev.php/chercheur/view,1466694566,38cabf,200
38cabf,::1,GET,http://localhost/projet_lo07/web/app_dev.php/chercheur/view,1466694566,,500
192eb5,::1,GET,http://localhost/projet_lo07/web/app_dev.php/chercheur/add,1466694620,b81418,200
b81418,::1,GET,http://localhost/projet_lo07/web/app_dev.php/chercheur/add,1466694620,,500
883a25,::1,GET,http://localhost/projet_lo07/web/app_dev.php/chercheur/add,1466694635,,200
e172cf,::1,POST,http://localhost/projet_lo07/web/app_dev.php/chercheur/add,1466694673,,302
f88192,::1,GET,http://localhost/projet_lo07/web/app_dev.php/chercheur/view,1466694675,f88765,200
f88765,::1,GET,http://localhost/projet_lo07/web/app_dev.php/chercheur/view,1466694675,,500
07ae6e,::1,GET,http://localhost/projet_lo07/web/app_dev.php/chercheur/view,1466694744,,200
3efe23,::1,GET,http://localhost/projet_lo07/web/app_dev.php/,1466694897,,200
2c1858,::1,GET,http://localhost/projet_lo07/web/app_dev.php/chercheur/view,1466696961,b95325,200
b95325,::1,GET,http://localhost/projet_lo07/web/app_dev.php/chercheur/view,1466696961,,500
20f53e,::1,GET,http://localhost/projet_lo07/web/app_dev.php/chercheur/view,1466698640,,200
344b24,::1,GET,http://localhost/projet_lo07/web/app_dev.php/chercheur/view,1466698678,,200
66adce,::1,GET,http://localhost/projet_lo07/web/app_dev.php/chercheur/add,1466698681,,200
074736,::1,POST,http://localhost/projet_lo07/web/app_dev.php/chercheur/add,1466698684,,302
3bb341,::1,GET,http://localhost/projet_lo07/web/app_dev.php/chercheur/view,1466698685,,200
395cf8,::1,GET,http://localhost/projet_lo07/web/app_dev.php/article/add,1466698693,b89caa,200
b89caa,::1,GET,http://localhost/projet_lo07/web/app_dev.php/article/add,1466698693,,500
6b5a62,::1,GET,http://localhost/projet_lo07/web/app_dev.php/article/add,1466698721,,200
260440,::1,GET,http://localhost/projet_lo07/web/app_dev.php/article/add,1466698862,,200
87443e,::1,GET,http://localhost/projet_lo07/web/app_dev.php/article/view,1466698864,,200
b3ddb1,::1,GET,http://localhost/projet_lo07/web/app_dev.php/article/view,1466698884,,200
f2169a,::1,GET,http://localhost/projet_lo07/web/app_dev.php/article/view,1466698912,,200
4c3081,::1,GET,http://localhost/projet_lo07/web/app_dev.php/,1466698921,,200
464475,::1,GET,http://localhost/projet_lo07/web/app_dev.php/chercheur/view,1466698923,,200
23feec,::1,GET,http://localhost/projet_lo07/web/app_dev.php/chercheur/view,1466699045,,200
b3b930,::1,GET,http://localhost/projet_lo07/web/app_dev.php/chercheur/view,1466699049,,200
73812b,::1,GET,http://localhost/projet_lo07/web/app_dev.php/,1466699053,,200
5a0802,::1,GET,http://localhost/projet_lo07/web/app_dev.php/chercheur/view,1466699056,,200
b92d73,::1,GET,http://localhost/projet_lo07/web/app_dev.php/chercheur/view,1466699084,,200
c38970,::1,GET,http://localhost/projet_lo07/web/app_dev.php/,1466699104,,200
96abc9,::1,GET,http://localhost/projet_lo07/web/app_dev.php/chercheur/view,1466699155,,200
df5432,::1,GET,http://localhost/projet_lo07/web/app_dev.php/article/view,1466699158,,200
0e61d8,::1,GET,http://localhost/projet_lo07/web/app_dev.php/article/add,1466699167,,200
757ccb,::1,GET,http://localhost/projet_lo07/web/app_dev.php/chercheur/view,1466699589,,200
ddaf2c,::1,GET,http://localhost/projet_lo07/web/app_dev.php/article/add,1466699591,,200
49188d,::1,GET,http://localhost/projet_lo07/web/app_dev.php/article/view,1466699594,,200
5277a1,::1,GET,http://localhost/projet_lo07/web/app_dev.php/chercheur/add,1466700128,,200
9bce5e,::1,GET,http://localhost/projet_lo07/web/app_dev.php/article/add,1466701360,3ef16c,200
3ef16c,::1,GET,http://localhost/projet_lo07/web/app_dev.php/article/add,1466701361,,500
8ededf,::1,GET,http://localhost/projet_lo07/web/app_dev.php/article/add,1466701384,,200
6d7970,::1,GET,http://localhost/projet_lo07/web/app_dev.php/article/add,1466701424,,200
9f9cd7,::1,GET,http://localhost/projet_lo07/web/app_dev.php/,1466702276,,200
13c320,::1,GET,http://localhost/projet_lo07/web/app_dev.php/,1466702280,,200
83b4a2,::1,GET,http://localhost/projet_lo07/web/app_dev.php/,1466702282,,200
91291e,::1,GET,http://localhost/projet_lo07/web/app_dev.php/article/add,1466702289,,200
2e88c5,::1,GET,http://localhost/projet_lo07/web/app_dev.php/article/add,1466702323,,200
d573ba,::1,GET,http://localhost/projet_lo07/web/app_dev.php/article/add,1466702370,,200
12a034,::1,GET,http://localhost/projet_lo07/web/app_dev.php/article/add,1466702422,,200
77b1f6,::1,GET,http://localhost/projet_lo07/web/app_dev.php/article/add,1466702455,,200
372e3e,::1,GET,http://localhost/projet_lo07/web/app_dev.php/article/add,1466702483,,200
e1c40f,::1,GET,http://localhost/projet_lo07/web/app_dev.php/article/add,1466702500,,200
00f4a5,::1,GET,http://localhost/projet_lo07/web/app_dev.php/article/add,1466702514,,200
4f69dd,::1,GET,http://localhost/projet_lo07/web/app_dev.php/article/add,1466702552,,200
b57fa7,::1,GET,http://localhost/projet_lo07/web/app_dev.php/article/add,1466702603,,200
2a8c65,::1,GET,http://localhost/projet_lo07/web/app_dev.php/article/add,1466702616,,200
d6ad69,::1,GET,http://localhost/projet_lo07/web/app_dev.php/article/add,1466703337,,200
3730d0,::1,POST,http://localhost/projet_lo07/web/app_dev.php/article/add,1466703340,,302
96cbd9,::1,GET,http://localhost/projet_lo07/web/app_dev.php/article/view,1466703341,,200
75b85c,::1,GET,http://localhost/projet_lo07/web/app_dev.php/chercheur/view,1466703447,,200
c8a74a,::1,GET,http://localhost/projet_lo07/web/app_dev.php/article/add,1466703505,,200
23076b,::1,GET,http://localhost/projet_lo07/web/app_dev.php/article/add,1466703531,,200
6f7f38,::1,GET,http://localhost/projet_lo07/web/app_dev.php/article/add,1466703541,,200
33e0c3,::1,GET,http://localhost/projet_lo07/web/app_dev.php/article/add,1466703552,,200
99ca45,::1,GET,http://localhost/projet_lo07/web/app_dev.php/article/add,1466703562,,200
117f4b,::1,GET,http://localhost/projet_lo07/web/app_dev.php/article/view,1466703574,,200
806725,::1,GET,http://localhost/projet_lo07/web/app_dev.php/,1466703577,,200
12ded0,::1,GET,http://localhost/projet_lo07/web/app_dev.php/chercheur/view,1466703580,,200
662b09,::1,GET,http://localhost/projet_lo07/web/app_dev.php/chercheur/view,1466703583,,200
ad8879,::1,GET,http://localhost/projet_lo07/web/app_dev.php/article/add,1466703586,,200
be768d,::1,GET,http://localhost/projet_lo07/web/app_dev.php/article/view,1466703590,,200
9f0787,::1,GET,http://localhost/projet_lo07/web/app_dev.php/chercheur/add,1466703593,,200
544add,::1,GET,http://localhost/projet_lo07/web/app_dev.php/,1466703623,,200
f939de,::1,GET,http://localhost/projet_lo07/web/app_dev.php/,1466703656,,200
f9b9dc,::1,GET,http://localhost/projet_lo07/web/app_dev.php/,1466703735,,200
6080d8,::1,GET,http://localhost/projet_lo07/web/app_dev.php/,1466703763,,200
d7d028,::1,GET,http://localhost/projet_lo07/web/app_dev.php/,1466703805,,200
8997e4,::1,GET,http://localhost/projet_lo07/web/app_dev.php/chercheur/view,1466703810,,200
f93b6b,::1,GET,http://localhost/projet_lo07/web/app_dev.php/article/add,1466703812,,200
0f1d3d,::1,GET,http://localhost/projet_lo07/web/app_dev.php/article/view,1466703814,,200
39d1ee,::1,GET,http://localhost/projet_lo07/web/app_dev.php/article/add,1466703820,,200
913fc8,::1,GET,http://localhost/projet_lo07/web/app_dev.php/article/add,1466703839,,200
47f402,::1,GET,http://localhost/projet_lo07/web/app_dev.php/chercheur/view,1466703842,,200
55819e,::1,GET,http://localhost/projet_lo07/web/app_dev.php/article/view,1466703844,,200
1e622b,::1,GET,http://localhost/projet_lo07/web/app_dev.php/,1466703848,,200
f0dd26,::1,GET,http://localhost/projet_lo07/web/app_dev.php/article/add,1466703855,,200
242fd2,::1,GET,http://localhost/projet_lo07/web/app_dev.php/chercheur/add,1466703857,,200
8f30f8,::1,GET,http://localhost/projet_lo07/web/app_dev.php/article/add,1466703860,,200
6e1f8a,::1,GET,http://localhost/projet_lo07/web/app_dev.php/chercheur/add,1466703863,,200
9037d3,::1,GET,http://localhost/projet_lo07/web/app_dev.php/article/add,1466703865,,200
3813ff,::1,GET,http://localhost/projet_lo07/web/app_dev.php/chercheur/add,1466703867,,200
c2ceb3,::1,GET,http://localhost/projet_lo07/web/app_dev.php/chercheur/add,1466703911,,200
6447f9,::1,GET,http://localhost/projet_lo07/web/app_dev.php/,1466703916,,200
e3c0b4,::1,GET,http://localhost/projet_lo07/web/app_dev.php/chercheur/add,1466703919,,200
9075cb,::1,GET,http://localhost/projet_lo07/web/app_dev.php/article/add,1466703938,,200
217573,::1,GET,http://localhost/projet_lo07/web/app_dev.php/article/add,1466703956,,200
f5f3ce,::1,GET,http://localhost/projet_lo07/web/app_dev.php/,1466703965,,200
c60594,::1,GET,http://localhost/projet_lo07/web/app_dev.php/article/add,1466703968,,200
a8ddf5,::1,GET,http://localhost/projet_lo07/web/app_dev.php/article/view,1466703969,,200
60c3e7,::1,GET,http://localhost/projet_lo07/web/app_dev.php/article/add,1466704001,,200
7d8fa8,::1,GET,http://localhost/projet_lo07/web/app_dev.php/article/view,1466704015,,200
8e8cef,::1,GET,http://localhost/projet_lo07/web/app_dev.php/article/add,1466704193,ac61ad,200
ac61ad,::1,GET,http://localhost/projet_lo07/web/app_dev.php/article/add,1466704193,,500
a1e403,::1,GET,http://localhost/projet_lo07/web/app_dev.php/article/add,1466704212,,200
2b60cb,::1,GET,http://localhost/projet_lo07/web/app_dev.php/,1466709596,,200
631ea5,::1,GET,http://localhost/projet_lo07/web/app_dev.php/chercheur/add,1466709600,,200
e28003,::1,GET,http://localhost/projet_lo07/web/app_dev.php/chercheur/view,1466709605,,200
e13f69,::1,GET,http://localhost/projet_lo07/web/app_dev.php/chercheur/view,1466709608,,200
e55446,::1,GET,http://localhost/projet_lo07/web/app_dev.php/chercheur/view,1466709610,,200
b28f23,::1,GET,http://localhost/projet_lo07/web/app_dev.php/chercheur/view,1466709613,,200
b309ae,::1,GET,http://localhost/projet_lo07/web/app_dev.php/chercheur/view,1466709616,,200
4375b1,::1,GET,http://localhost/projet_lo07/web/app_dev.php/,1466719761,,200
9c7772,::1,GET,http://localhost/projet_lo07/web/app_dev.php/,1466719764,,200
9ca371,::1,GET,http://localhost/projet_lo07/web/app_dev.php/,1466719771,,200
89b25d,::1,GET,http://localhost/projet_lo07/web/app_dev.php/,1466719802,,200
d2c964,::1,GET,http://localhost/projet_lo07/web/app_dev.php/,1466721090,f2b0d6,200
f2b0d6,::1,GET,http://localhost/projet_lo07/web/app_dev.php/,1466721090,,500
ded9a9,::1,GET,http://localhost/projet_lo07/web/app_dev.php/,1466721577,554d92,200
554d92,::1,GET,http://localhost/projet_lo07/web/app_dev.php/,1466721577,,500
e10ed2,::1,GET,http://localhost/projet_lo07/web/app_dev.php/,1466721752,,200
cc08cc,::1,GET,http://localhost/projet_lo07/web/app_dev.php/,1466721953,,200
8ff37c,::1,GET,http://localhost/projet_lo07/web/app_dev.php/chercheur/add,1466721954,113f4f,200
113f4f,::1,GET,http://localhost/projet_lo07/web/app_dev.php/chercheur/add,1466721954,,500
e448d9,::1,GET,http://localhost/projet_lo07/web/app_dev.php/chercheur/add,1466721985,48d275,200
48d275,::1,GET,http://localhost/projet_lo07/web/app_dev.php/chercheur/add,1466721985,,500
733300,::1,GET,http://localhost/projet_lo07/web/app_dev.php/chercheur/add,1466722008,,200
f5bedc,::1,GET,http://localhost/projet_lo07/web/app_dev.php/chercheur/add,1466722049,,200
7dbe6e,::1,GET,http://localhost/projet_lo07/web/app_dev.php/chercheur/add,1466722052,,200
c91a8a,::1,GET,http://localhost/projet_lo07/web/app_dev.php/chercheur/add,1466722053,,200
1ebc28,::1,GET,http://localhost/projet_lo07/web/app_dev.php/chercheur/add,1466722054,,200
b66bdb,::1,GET,http://localhost/projet_lo07/web/app_dev.php/chercheur/add,1466722055,,200
302f1b,::1,GET,http://localhost/projet_lo07/web/app_dev.php/chercheur/add,1466722055,,200
f717a6,::1,GET,http://localhost/projet_lo07/web/app_dev.php/chercheur/add,1466722056,,200
740692,::1,GET,http://localhost/projet_lo07/web/app_dev.php/chercheur/add,1466722056,,200
a8d1fb,::1,GET,http://localhost/projet_lo07/web/app_dev.php/chercheur/add,1466722057,,200
d41d2a,::1,GET,http://localhost/projet_lo07/web/app_dev.php/chercheur/add,1466722099,76fd10,200
76fd10,::1,POST,http://localhost/projet_lo07/web/app_dev.php/chercheur/add,1466722099,,500
4656a7,::1,GET,http://localhost/projet_lo07/web/app_dev.php/laboratoire/view,1466722517,b5049d,200
b5049d,::1,GET,http://localhost/projet_lo07/web/app_dev.php/laboratoire/view,1466722518,,404
868da8,::1,GET,http://localhost/projet_lo07/web/app_dev.php/laboratoire/view,1466722538,,200
bdba0c,::1,GET,http://localhost/projet_lo07/web/app_dev.php/laboratoire/view,1466722558,,200
dfc2f4,::1,GET,http://localhost/projet_lo07/web/app_dev.php/laboratoire/view,1466722586,b88544,200
b88544,::1,GET,http://localhost/projet_lo07/web/app_dev.php/laboratoire/view,1466722586,,500
7973b4,::1,GET,http://localhost/projet_lo07/web/app_dev.php/laboratoire/view,1466722611,,200
46d196,::1,GET,http://localhost/projet_lo07/web/app_dev.php/chercheur/add,1466722620,,200
208e66,::1,GET,http://localhost/projet_lo07/web/app_dev.php/chercheur/add,1466722636,,200
073fe4,::1,GET,http://localhost/projet_lo07/web/app_dev.php/chercheur/add,1466722652,,200
76e52c,::1,GET,http://localhost/projet_lo07/web/app_dev.php/laboratoire/add,1466722653,67cc65,200
67cc65,::1,GET,http://localhost/projet_lo07/web/app_dev.php/laboratoire/add,1466722654,,500
c21ad5,::1,GET,http://localhost/projet_lo07/web/app_dev.php/laboratoire/add,1466722701,5513ed,200
5513ed,::1,GET,http://localhost/projet_lo07/web/app_dev.php/laboratoire/add,1466722701,,500
91796b,::1,GET,http://localhost/projet_lo07/web/app_dev.php/laboratoire/add,1466722723,85815b,200
85815b,::1,GET,http://localhost/projet_lo07/web/app_dev.php/laboratoire/add,1466722723,,500
619989,::1,GET,http://localhost/projet_lo07/web/app_dev.php/laboratoire/add,1466722757,,200
43452a,::1,GET,http://localhost/projet_lo07/web/app_dev.php/laboratoire/add,1466723211,,200
985412,::1,GET,http://localhost/projet_lo07/web/app_dev.php/laboratoire/add,1466723225,,200
69e430,::1,POST,http://localhost/projet_lo07/web/app_dev.php/laboratoire/add,1466723240,,302
a95959,::1,GET,http://localhost/projet_lo07/web/app_dev.php/laboratoire/view,1466723241,ea5a19,200
ea5a19,::1,GET,http://localhost/projet_lo07/web/app_dev.php/laboratoire/view,1466723242,,500
42e9ab,::1,GET,http://localhost/projet_lo07/web/app_dev.php/laboratoire/view,1466723397,,200
877a1b,::1,GET,http://localhost/projet_lo07/web/app_dev.php/laboratoire/add,1466723427,,200
0c918d,::1,POST,http://localhost/projet_lo07/web/app_dev.php/laboratoire/add,1466723429,,302
7022eb,::1,GET,http://localhost/projet_lo07/web/app_dev.php/laboratoire/view,1466723430,,200
e26eae,::1,GET,http://localhost/projet_lo07/web/app_dev.php/laboratoire/add,1466723472,,200
c46a45,::1,POST,http://localhost/projet_lo07/web/app_dev.php/laboratoire/add,1466723476,,302
93b160,::1,GET,http://localhost/projet_lo07/web/app_dev.php/laboratoire/view,1466723477,,200
bc3e48,::1,GET,http://localhost/projet_lo07/web/app_dev.php/chercheur/add,1466723479,,200
b08e80,::1,GET,http://localhost/projet_lo07/web/app_dev.php/laboratoire/add,1466723481,,200
cd48b4,::1,POST,http://localhost/projet_lo07/web/app_dev.php/laboratoire/add,1466723493,,302
7e4694,::1,GET,http://localhost/projet_lo07/web/app_dev.php/laboratoire/view,1466723494,,200
f535ad,::1,GET,http://localhost/projet_lo07/web/app_dev.php/laboratoire/add,1466723504,,200
2d264f,::1,POST,http://localhost/projet_lo07/web/app_dev.php/laboratoire/add,1466723507,,302
d0d5d5,::1,GET,http://localhost/projet_lo07/web/app_dev.php/laboratoire/view,1466723508,,200
931249,::1,GET,http://localhost/projet_lo07/web/app_dev.php/chercheur/add,1466723534,,200
6426ca,::1,GET,http://localhost/projet_lo07/web/app_dev.php/laboratoire/add,1466723537,,200
026b9b,::1,POST,http://localhost/projet_lo07/web/app_dev.php/laboratoire/add,1466723539,,302
c6f5b3,::1,GET,http://localhost/projet_lo07/web/app_dev.php/laboratoire/view,1466723540,,200
5ea9f5,::1,GET,http://localhost/projet_lo07/web/app_dev.php/laboratoire/add,1466723550,,200
218d8d,::1,POST,http://localhost/projet_lo07/web/app_dev.php/laboratoire/add,1466723552,,302
993890,::1,GET,http://localhost/projet_lo07/web/app_dev.php/laboratoire/view,1466723553,,200
9578a0,::1,GET,http://localhost/projet_lo07/web/app_dev.php/laboratoire/add,1466723566,,200
ef7aa0,::1,POST,http://localhost/projet_lo07/web/app_dev.php/laboratoire/add,1466723569,,302
161ba0,::1,GET,http://localhost/projet_lo07/web/app_dev.php/laboratoire/view,1466723570,,200
f0a271,::1,GET,http://localhost/projet_lo07/web/app_dev.php/chercheur/add,1466723703,,200
20c1e0,::1,GET,http://localhost/projet_lo07/web/app_dev.php/chercheur/add,1466723707,ce7fde,200
ce7fde,::1,POST,http://localhost/projet_lo07/web/app_dev.php/chercheur/add,1466723707,,500
7e7f35,::1,GET,http://localhost/projet_lo07/web/app_dev.php/chercheur/add,1466723846,,200
340eb2,::1,GET,http://localhost/projet_lo07/web/app_dev.php/laboratoire/add,1466723849,fd70b6,200
fd70b6,::1,GET,http://localhost/projet_lo07/web/app_dev.php/laboratoire/add,1466723849,,500
46c760,::1,GET,http://localhost/projet_lo07/web/app_dev.php/laboratoire/add,1466723860,,200
bdc9a8,::1,GET,http://localhost/projet_lo07/web/app_dev.php/chercheur/add,1466723891,,200
0ba654,::1,GET,http://localhost/projet_lo07/web/app_dev.php/,1466723980,,200
1c24e9,::1,GET,http://localhost/projet_lo07/web/app_dev.php/chercheur/add,1466723983,,200
0bf469,::1,GET,http://localhost/projet_lo07/web/app_dev.php/article/add,1466723992,d4f84f,200
d4f84f,::1,GET,http://localhost/projet_lo07/web/app_dev.php/article/add,1466723992,,500
4a5180,::1,GET,http://localhost/projet_lo07/web/app_dev.php/,1466770315,,200
07e76a,::1,GET,http://localhost/projet_lo07/web/app_dev.php/laboratoire/add,1466770323,,200
ed5e32,::1,GET,http://localhost/projet_lo07/web/app_dev.php/chercheur/add,1466770327,,200
a1b0bb,::1,GET,http://localhost/projet_lo07/web/app_dev.php/chercheur/add,1466770330,,200
11b500,::1,GET,http://localhost/projet_lo07/web/app_dev.php/,1466770411,,200
dfe633,::1,GET,http://localhost/projet_lo07/web/app_dev.php/chercheur/add,1466770420,,200
8e1be4,::1,GET,http://localhost/projet_lo07/web/app_dev.php/chercheur/add,1466771827,5228da,200
5228da,::1,GET,http://localhost/projet_lo07/web/app_dev.php/chercheur/add,1466771827,,500
d8f312,::1,GET,http://localhost/projet_lo07/web/app_dev.php/chercheur/add,1466771844,,200
bd2ae3,::1,GET,http://localhost/projet_lo07/web/app_dev.php/,1466772160,,200
b4404c,::1,GET,http://localhost/projet_lo07/web/app_dev.php/chercheur/add,1466772163,04433f,200
04433f,::1,GET,http://localhost/projet_lo07/web/app_dev.php/chercheur/add,1466772163,,500
216a0e,::1,GET,http://localhost/projet_lo07/web/app_dev.php/chercheur/add,1466772188,,200
472bcb,::1,GET,http://localhost/projet_lo07/web/app_dev.php/chercheur/add,1466772394,,200
ecc25f,::1,GET,http://localhost/projet_lo07/web/app_dev.php/chercheur/add,1466772441,e01a0d,200
e01a0d,::1,POST,http://localhost/projet_lo07/web/app_dev.php/chercheur/add,1466772441,,500
c5bd04,::1,GET,http://localhost/projet_lo07/web/app_dev.php/chercheur/view,1466772455,,200
68d306,::1,GET,http://localhost/projet_lo07/web/app_dev.php/chercheur/add,1466772458,,200
05d34a,::1,GET,http://localhost/projet_lo07/web/app_dev.php/chercheur/add,1466772865,e8bea0,200
e8bea0,::1,GET,http://localhost/projet_lo07/web/app_dev.php/chercheur/add,1466772865,,500
2cad25,::1,GET,http://localhost/projet_lo07/web/app_dev.php/_wdt/e8bea0,1466772867,1e916a,200
1e916a,::1,GET,http://localhost/projet_lo07/web/app_dev.php/_wdt/e8bea0,1466772867,,500
462530,::1,GET,http://localhost/projet_lo07/web/app_dev.php/chercheur/add,1466772879,,200
a2e124,::1,GET,http://localhost/projet_lo07/web/app_dev.php/chercheur/add,1466772894,6899ce,200
6899ce,::1,POST,http://localhost/projet_lo07/web/app_dev.php/chercheur/add,1466772895,,500
a3ece9,::1,GET,http://localhost/projet_lo07/web/app_dev.php/chercheur/add,1466773374,,200
98fd44,::1,GET,http://localhost/projet_lo07/web/app_dev.php/chercheur/add,1466773376,,200
bf445f,::1,GET,http://localhost/projet_lo07/web/app_dev.php/chercheur/add,1466773672,,200
484159,::1,GET,http://localhost/projet_lo07/web/app_dev.php/chercheur/add,1466773677,,200
28b611,::1,GET,http://localhost/projet_lo07/web/app_dev.php/chercheur/add,1466773679,,200
2fa572,::1,GET,http://localhost/projet_lo07/web/app_dev.php/chercheur/add,1466773756,,200
db1d0b,::1,GET,http://localhost/projet_lo07/web/app_dev.php/,1466773760,,200
f1176f,::1,GET,http://localhost/projet_lo07/web/app_dev.php/laboratoire/add,1466773763,,200
b50416,::1,GET,http://localhost/projet_lo07/web/app_dev.php/laboratoire/add,1466773820,,200
de4e89,::1,GET,http://localhost/projet_lo07/web/app_dev.php/organisation/add,1466773827,514b85,200
514b85,::1,GET,http://localhost/projet_lo07/web/app_dev.php/organisation/add,1466773827,,500
19c52e,::1,GET,http://localhost/projet_lo07/web/app_dev.php/organisation/add,1466773903,343d9c,200
343d9c,::1,GET,http://localhost/projet_lo07/web/app_dev.php/organisation/add,1466773904,,500
ef16e3,::1,GET,http://localhost/projet_lo07/web/app_dev.php/organisation/add,1466773925,,200
16b2d3,::1,POST,http://localhost/projet_lo07/web/app_dev.php/organisation/add,1466773933,,302
0ba89b,::1,GET,http://localhost/projet_lo07/web/app_dev.php/organisation/view,1466773934,,200
4a8d1b,::1,GET,http://localhost/projet_lo07/web/app_dev.php/laboratoire/view,1466773943,,200
236791,::1,GET,http://localhost/projet_lo07/web/app_dev.php/chercheur/add,1466773952,,200
07b5ff,::1,GET,http://localhost/projet_lo07/web/app_dev.php/chercheur/add,1466774256,23353c,200
23353c,::1,GET,http://localhost/projet_lo07/web/app_dev.php/chercheur/add,1466774256,,500
44d188,::1,GET,http://localhost/projet_lo07/web/app_dev.php/chercheur/add,1466774272,,200
f32bdd,::1,POST,http://localhost/projet_lo07/web/app_dev.php/chercheur/add,1466774286,,302
3a5e3e,::1,GET,http://localhost/projet_lo07/web/app_dev.php/chercheur/view,1466774287,,200
a59f35,::1,GET,http://localhost/projet_lo07/web/app_dev.php/chercheur/view,1466774292,,200
e0f074,::1,GET,http://localhost/projet_lo07/web/app_dev.php/,1466774442,,200
d8fbc7,::1,GET,http://localhost/projet_lo07/web/app_dev.php/chercheur/view,1466774444,,200
32e7fb,::1,GET,http://localhost/projet_lo07/web/app_dev.php/organisation/add,1466774461,,200
8a0142,::1,GET,http://localhost/projet_lo07/web/app_dev.php/laboratoire/add,1466774463,,200
405ea4,::1,GET,http://localhost/projet_lo07/web/app_dev.php/chercheur/add,1466774469,,200
22884d,::1,POST,http://localhost/projet_lo07/web/app_dev.php/chercheur/add,1466775073,,302
852c22,::1,GET,http://localhost/projet_lo07/web/app_dev.php/chercheur/view,1466775074,,200
b96191,::1,GET,http://localhost/projet_lo07/web/app_dev.php/chercheur/view,1466778679,,200
d9f1e0,::1,GET,http://localhost/projet_lo07/web/app_dev.php/chercheur/view,1466778690,,200
a64d2c,::1,GET,http://localhost/projet_lo07/web/app_dev.php/chercheur/view,1466778705,,200
dac17a,::1,GET,http://localhost/projet_lo07/web/app_dev.php/chercheur/view,1466870044,,200
250f01,::1,GET,http://localhost/projet_lo07/web/app_dev.php/article/add,1466870049,957451,200
957451,::1,GET,http://localhost/projet_lo07/web/app_dev.php/article/add,1466870049,,500
843808,::1,GET,http://localhost/projet_lo07/web/app_dev.php/article/add,1466870102,58919a,200
58919a,::1,GET,http://localhost/projet_lo07/web/app_dev.php/article/add,1466870102,,500
7e9862,::1,GET,http://localhost/projet_lo07/web/app_dev.php/article/add,1466870382,39ed3a,200
39ed3a,::1,GET,http://localhost/projet_lo07/web/app_dev.php/article/add,1466870382,,500
ea52fa,::1,GET,http://localhost/projet_lo07/web/app_dev.php/article/add,1466870439,48a623,200
48a623,::1,GET,http://localhost/projet_lo07/web/app_dev.php/article/add,1466870439,,500
378347,::1,GET,http://localhost/projet_lo07/web/app_dev.php/article/add,1466870454,86b3ba,200
86b3ba,::1,GET,http://localhost/projet_lo07/web/app_dev.php/article/add,1466870454,,500
c691b7,::1,GET,http://localhost/projet_lo07/web/app_dev.php/article/add,1466870502,,200
cd2314,::1,GET,http://localhost/projet_lo07/web/app_dev.php/article/add,1466870695,,200
0f8750,::1,GET,http://localhost/projet_lo07/web/app_dev.php/article/add,1466871229,,200
3e79c5,::1,GET,http://localhost/projet_lo07/web/app_dev.php/article/add,1466871273,,200
9fdf50,::1,GET,http://localhost/projet_lo07/web/app_dev.php/article/add,1466871983,,200
8f090c,::1,GET,http://localhost/projet_lo07/web/app_dev.php/,1466871985,,200
b9035f,::1,GET,http://localhost/projet_lo07/web/app_dev.php/categorie/add,1466871993,697acb,200
697acb,::1,GET,http://localhost/projet_lo07/web/app_dev.php/categorie/add,1466871993,,500
031048,::1,GET,http://localhost/projet_lo07/web/app_dev.php/categorie/add,1466872055,,200
c0272d,::1,POST,http://localhost/projet_lo07/web/app_dev.php/categorie/add,1466872159,,302
b25dcc,::1,GET,http://localhost/projet_lo07/web/app_dev.php/categorie/view,1466872160,,200
491a51,::1,GET,http://localhost/projet_lo07/web/app_dev.php/categorie/add,1466872163,,200
7a4ce4,::1,POST,http://localhost/projet_lo07/web/app_dev.php/categorie/add,1466872195,,302
c1e1d7,::1,GET,http://localhost/projet_lo07/web/app_dev.php/categorie/view,1466872196,,200
567799,::1,GET,http://localhost/projet_lo07/web/app_dev.php/categorie/add,1466872199,,200
e682d1,::1,POST,http://localhost/projet_lo07/web/app_dev.php/categorie/add,1466872217,,302
86f870,::1,GET,http://localhost/projet_lo07/web/app_dev.php/categorie/view,1466872218,,200
3090a5,::1,GET,http://localhost/projet_lo07/web/app_dev.php/categorie/add,1466872229,,200
01b92a,::1,POST,http://localhost/projet_lo07/web/app_dev.php/categorie/add,1466872232,,302
98f04d,::1,GET,http://localhost/projet_lo07/web/app_dev.php/categorie/view,1466872233,,200
1da508,::1,GET,http://localhost/projet_lo07/web/app_dev.php/categorie/add,1466872244,,200
ffea44,::1,POST,http://localhost/projet_lo07/web/app_dev.php/categorie/add,1466872246,,302
76a48a,::1,GET,http://localhost/projet_lo07/web/app_dev.php/categorie/view,1466872247,,200
264b19,::1,GET,http://localhost/projet_lo07/web/app_dev.php/categorie/add,1466872256,,200
f4e476,::1,POST,http://localhost/projet_lo07/web/app_dev.php/categorie/add,1466872259,,302
d3ff0b,::1,GET,http://localhost/projet_lo07/web/app_dev.php/categorie/view,1466872260,,200
717ccd,::1,GET,http://localhost/projet_lo07/web/app_dev.php/categorie/add,1466872274,,200
d4a22f,::1,POST,http://localhost/projet_lo07/web/app_dev.php/categorie/add,1466872277,,302
2eb1d9,::1,GET,http://localhost/projet_lo07/web/app_dev.php/categorie/view,1466872278,,200
972909,::1,GET,http://localhost/projet_lo07/web/app_dev.php/categorie/add,1466872297,,200
768533,::1,POST,http://localhost/projet_lo07/web/app_dev.php/categorie/add,1466872300,,302
02edc4,::1,GET,http://localhost/projet_lo07/web/app_dev.php/categorie/view,1466872301,,200
351fd9,::1,GET,http://localhost/projet_lo07/web/app_dev.php/article/add,1466872312,,200
99a544,::1,GET,http://localhost/projet_lo07/web/app_dev.php/chercheur/view,1466872315,,200
540d81,::1,GET,http://localhost/projet_lo07/web/app_dev.php/,1466872516,,200
56bd5c,::1,GET,http://localhost/projet_lo07/web/app_dev.php/categorie/add,1466872604,,200
b47325,::1,GET,http://localhost/projet_lo07/web/app_dev.php/organisation/add,1466872606,,200
6e5aca,::1,GET,http://localhost/projet_lo07/web/app_dev.php/laboratoire/add,1466872608,,200
6deadb,::1,GET,http://localhost/projet_lo07/web/app_dev.php/chercheur/add,1466872609,,200
92cd52,::1,GET,http://localhost/projet_lo07/web/app_dev.php/chercheur/view,1466872611,,200
d1ac08,::1,GET,http://localhost/projet_lo07/web/app_dev.php/categorie/add,1466872958,,200
0a8a65,::1,GET,http://localhost/projet_lo07/web/app_dev.php/article/add,1466872962,69e330,200
69e330,::1,GET,http://localhost/projet_lo07/web/app_dev.php/article/add,1466872963,,500
e5674d,::1,GET,http://localhost/projet_lo07/web/app_dev.php/article/add,1466872974,de3324,200
de3324,::1,GET,http://localhost/projet_lo07/web/app_dev.php/article/add,1466872974,,500
e1f160,::1,GET,http://localhost/projet_lo07/web/app_dev.php/article/add,1466872989,13b9d4,200
13b9d4,::1,GET,http://localhost/projet_lo07/web/app_dev.php/article/add,1466872989,,500
75cf2b,::1,GET,http://localhost/projet_lo07/web/app_dev.php/article/add,1466873008,04c99d,200
04c99d,::1,GET,http://localhost/projet_lo07/web/app_dev.php/article/add,1466873008,,500
edd36c,::1,GET,http://localhost/projet_lo07/web/app_dev.php/article/add,1466873049,c17dd7,200
c17dd7,::1,GET,http://localhost/projet_lo07/web/app_dev.php/article/add,1466873049,,500
2240e8,::1,GET,http://localhost/projet_lo07/web/app_dev.php/article/add,1466873055,062187,200
062187,::1,GET,http://localhost/projet_lo07/web/app_dev.php/article/add,1466873055,,500
29db61,::1,GET,http://localhost/projet_lo07/web/app_dev.php/article/add,1466873066,,200
6c9b40,::1,GET,http://localhost/projet_lo07/web/app_dev.php/article/add,1466873386,,200
53cf2c,::1,GET,http://localhost/projet_lo07/web/app_dev.php/article/add,1466873482,,200
000d99,::1,GET,http://localhost/projet_lo07/web/app_dev.php/article/add,1466873490,,200
aa9c8e,::1,GET,http://localhost/projet_lo07/web/app_dev.php/article/add,1466873803,,200
008b25,::1,GET,http://localhost/projet_lo07/web/app_dev.php/chercheur/add,1466874561,,200
71f736,::1,GET,http://localhost/projet_lo07/web/app_dev.php/chercheur/add,1466874629,,200
477e28,::1,GET,http://localhost/projet_lo07/web/app_dev.php/article/add,1466874630,,200
4e40da,::1,GET,http://localhost/projet_lo07/web/app_dev.php/article/add,1466874653,,200
7a7035,::1,GET,http://localhost/projet_lo07/web/app_dev.php/chercheur/add,1466874660,,200
47f43e,::1,GET,http://localhost/projet_lo07/web/app_dev.php/chercheur/add,1466874691,,200
ac9cd3,::1,GET,http://localhost/projet_lo07/web/app_dev.php/article/view,1466874693,93f141,200
93f141,::1,GET,http://localhost/projet_lo07/web/app_dev.php/article/view,1466874693,,500
d03fa6,::1,GET,http://localhost/projet_lo07/web/app_dev.php/article/add,1466874694,,200
41bc01,::1,GET,http://localhost/projet_lo07/web/app_dev.php/categorie/add,1466874792,,200
b81953,::1,GET,http://localhost/projet_lo07/web/app_dev.php/,1466874976,,200
2d6a2a,::1,GET,http://localhost/projet_lo07/web/app_dev.php/article/add,1466874978,,200
714177,::1,GET,http://localhost/projet_lo07/web/app_dev.php/article/add,1466875040,,200
291d59,::1,GET,http://localhost/projet_lo07/web/app_dev.php/article/add,1466875977,,200
310b68,::1,GET,http://localhost/projet_lo07/web/app_dev.php/article/add,1466876082,,200
baf94a,::1,GET,http://localhost/projet_lo07/web/app_dev.php/article/add,1466876097,,200
f20d47,::1,GET,http://localhost/projet_lo07/web/app_dev.php/article/add,1466876164,,200
87ec21,::1,GET,http://localhost/projet_lo07/web/app_dev.php/article/add,1466876294,,200
cb5206,::1,GET,http://localhost/projet_lo07/web/app_dev.php/article/add,1466876351,,200
75eef3,::1,GET,http://localhost/projet_lo07/web/app_dev.php/article/add,1466876365,,200
371b52,::1,GET,http://localhost/projet_lo07/web/app_dev.php/article/add,1466876577,,200
6946ab,::1,GET,http://localhost/projet_lo07/web/app_dev.php/article/add,1466876607,,200
741d41,::1,GET,http://localhost/projet_lo07/web/app_dev.php/article/add,1466876648,,200
b5b579,::1,GET,http://localhost/projet_lo07/web/app_dev.php/article/add,1466876661,,200
f9b4a9,::1,GET,http://localhost/projet_lo07/web/app_dev.php/article/add,1466876686,,200
d76841,::1,GET,http://localhost/projet_lo07/web/app_dev.php/article/add,1466876742,,200
2c744d,::1,GET,http://localhost/projet_lo07/web/app_dev.php/article/add,1466876763,,200
243064,::1,GET,http://localhost/projet_lo07/web/app_dev.php/article/add,1466876788,,200
6742b9,::1,GET,http://localhost/projet_lo07/web/app_dev.php/article/add,1466876824,,200
d6793d,::1,GET,http://localhost/projet_lo07/web/app_dev.php/article/add,1466876948,,200
8f38b5,::1,GET,http://localhost/projet_lo07/web/app_dev.php/article/add,1466876980,,200
b72c1c,::1,GET,http://localhost/projet_lo07/web/app_dev.php/article/add,1466877067,,200
8d2d7b,::1,GET,http://localhost/projet_lo07/web/app_dev.php/article/add,1466877094,,200
761883,::1,GET,http://localhost/projet_lo07/web/app_dev.php/article/add,1466877329,,200
8b78e1,::1,GET,http://localhost/projet_lo07/web/app_dev.php/article/add,1466877339,,200
cef96d,::1,GET,http://localhost/projet_lo07/web/app_dev.php/article/add,1466877394,,200
f84551,::1,GET,http://localhost/projet_lo07/web/app_dev.php/article/add,1466877398,,200
29700f,::1,GET,http://localhost/projet_lo07/web/app_dev.php/article/add,1466877461,,200
90d486,::1,GET,http://localhost/projet_lo07/web/app_dev.php/article/add,1466877466,,200
a578f8,::1,GET,http://localhost/projet_lo07/web/app_dev.php/article/add,1466877488,,200
9c026c,::1,GET,http://localhost/projet_lo07/web/app_dev.php/,1466877602,,200
d21099,::1,GET,http://localhost/projet_lo07/web/app_dev.php/article/add,1466877605,,200
af4894,::1,GET,http://localhost/projet_lo07/web/app_dev.php/article/add,1466877618,,200
489d6b,::1,GET,http://localhost/projet_lo07/web/app_dev.php/article/add,1466877620,,200
edb267,::1,GET,http://localhost/projet_lo07/web/app_dev.php/article/add,1466877623,,200
a0eef8,::1,GET,http://localhost/projet_lo07/web/app_dev.php/article/add,1466877625,,200
f76302,::1,GET,http://localhost/projet_lo07/web/app_dev.php/article/add,1466877630,,200
aeab91,::1,GET,http://localhost/projet_lo07/web/app_dev.php/article/add,1466877739,,200
ee5169,::1,GET,http://localhost/projet_lo07/web/app_dev.php/article/add,1466877904,,200
3bb26a,::1,GET,http://localhost/projet_lo07/web/app_dev.php/article/add,1466877908,,200
633a2d,::1,GET,http://localhost/projet_lo07/web/app_dev.php/article/add,1466878266,,200
600159,::1,GET,http://localhost/projet_lo07/web/app_dev.php/article/add,1466878294,,200
c5ee8e,::1,GET,http://localhost/projet_lo07/web/app_dev.php/article/add,1466878313,,200
c69846,::1,GET,http://localhost/projet_lo07/web/app_dev.php/article/add,1466878343,,200
6dd00b,::1,GET,http://localhost/projet_lo07/web/app_dev.php/article/add,1466878349,,200
0983e0,::1,GET,http://localhost/projet_lo07/web/app_dev.php/article/add,1466878355,,200
47f505,::1,GET,http://localhost/projet_lo07/web/app_dev.php/article/add,1466878367,,200
e32779,::1,GET,http://localhost/projet_lo07/web/app_dev.php/article/add,1466878387,,200
3c2762,::1,GET,http://localhost/projet_lo07/web/app_dev.php/article/add,1466878525,,200
1c8d0f,::1,GET,http://localhost/projet_lo07/web/app_dev.php/article/add,1466878591,,200
389c47,::1,GET,http://localhost/projet_lo07/web/app_dev.php/article/valid,1466878593,5618fa,200
5618fa,::1,GET,http://localhost/projet_lo07/web/app_dev.php/article/valid,1466878593,,500
c74008,::1,GET,http://localhost/projet_lo07/web/app_dev.php/article/valid,1466878598,44abcc,200
44abcc,::1,GET,http://localhost/projet_lo07/web/app_dev.php/article/valid,1466878598,,500
c60e7b,::1,GET,http://localhost/projet_lo07/web/app_dev.php/article/valid,1466878682,f61548,200
f61548,::1,GET,http://localhost/projet_lo07/web/app_dev.php/article/valid,1466878682,,500
7721c2,::1,GET,http://localhost/projet_lo07/web/app_dev.php/article/valid,1466878888,6432ab,200
6432ab,::1,GET,http://localhost/projet_lo07/web/app_dev.php/article/valid,1466878888,,500
71fe34,::1,GET,http://localhost/projet_lo07/web/app_dev.php/article/add,1466878889,,200
315dca,::1,GET,http://localhost/projet_lo07/web/app_dev.php/article/add,1466879129,,200
ed56c1,::1,GET,http://localhost/projet_lo07/web/app_dev.php/article/add,1466879164,,200
daa3b7,::1,GET,http://localhost/projet_lo07/web/app_dev.php/article/add,1466879197,,200
03f3c1,::1,GET,http://localhost/projet_lo07/web/app_dev.php/article/add,1466879212,,200
3c7ac2,::1,GET,http://localhost/projet_lo07/web/app_dev.php/article/add,1466879249,,200
9abc4e,::1,GET,http://localhost/projet_lo07/web/app_dev.php/article/add,1466879267,,200
ff6094,::1,GET,http://localhost/projet_lo07/web/app_dev.php/article/add,1466879442,,200
8d9cb2,::1,GET,http://localhost/projet_lo07/web/app_dev.php/article/valid,1466879455,2b755a,200
2b755a,::1,GET,http://localhost/projet_lo07/web/app_dev.php/article/valid,1466879456,,500
6b3403,::1,GET,http://localhost/projet_lo07/web/app_dev.php/article/add,1466879461,,200
d58528,::1,GET,http://localhost/projet_lo07/web/app_dev.php/article/add,1466879560,,200
29f9b6,::1,GET,http://localhost/projet_lo07/web/app_dev.php/article/add,1466879595,,200
197e0c,::1,GET,http://localhost/projet_lo07/web/app_dev.php/article/valid,1466879669,2b7504,200
2b7504,::1,GET,http://localhost/projet_lo07/web/app_dev.php/article/valid,1466879669,,500
d311ee,::1,GET,http://localhost/projet_lo07/web/app_dev.php/article/add,1466880382,,200
7423cb,::1,GET,http://localhost/projet_lo07/web/app_dev.php/article/valid,1466880384,217ad3,200
217ad3,::1,GET,http://localhost/projet_lo07/web/app_dev.php/article/valid,1466880384,,500
203b90,::1,GET,http://localhost/projet_lo07/web/app_dev.php/article/add,1466880487,,200
86fd84,::1,GET,http://localhost/projet_lo07/web/app_dev.php/chercheur/add,1466880543,,200
8ced5d,::1,GET,http://localhost/projet_lo07/web/app_dev.php/chercheur/add,1466880606,,200
e976bb,::1,GET,http://localhost/projet_lo07/web/app_dev.php/laboratoire/add,1466880606,,200
8c4888,::1,GET,http://localhost/projet_lo07/web/app_dev.php/organisation/add,1466880607,,200
80bccb,::1,GET,http://localhost/projet_lo07/web/app_dev.php/categorie/add,1466880607,,200
1e19fc,::1,GET,http://localhost/projet_lo07/web/app_dev.php/article/add,1466880610,34bfd4,200
34bfd4,::1,GET,http://localhost/projet_lo07/web/app_dev.php/article/add,1466880610,,500
86b61b,::1,GET,http://localhost/projet_lo07/web/app_dev.php/article/add,1466880625,,200
f5bdf3,::1,GET,http://localhost/projet_lo07/web/app_dev.php/article/valid,1466880919,e26bb0,200
e26bb0,::1,POST,http://localhost/projet_lo07/web/app_dev.php/article/valid,1466880919,,500
776a9b,::1,GET,http://localhost/projet_lo07/web/app_dev.php/article/valid,1466880934,06e08f,200
06e08f,::1,POST,http://localhost/projet_lo07/web/app_dev.php/article/valid,1466880935,,500
75a29e,::1,POST,http://localhost/projet_lo07/web/app_dev.php/article/valid,1466880947,,200
8b07b0,::1,GET,http://localhost/projet_lo07/web/app_dev.php/article/add,1466881063,,200
2584df,::1,POST,http://localhost/projet_lo07/web/app_dev.php/article/valid,1466881064,,200
e70465,::1,POST,http://localhost/projet_lo07/web/app_dev.php/article/valid,1466881080,,200
122361,::1,POST,http://localhost/projet_lo07/web/app_dev.php/article/valid,1466881138,,200
aef503,::1,POST,http://localhost/projet_lo07/web/app_dev.php/article/valid,1466881156,,200
f852c8,::1,POST,http://localhost/projet_lo07/web/app_dev.php/article/valid,1466881194,,200
927969,::1,POST,http://localhost/projet_lo07/web/app_dev.php/article/valid,1466881432,,200
feba57,::1,GET,http://localhost/projet_lo07/web/app_dev.php/article/add,1466881599,,200
ba5a76,::1,POST,http://localhost/projet_lo07/web/app_dev.php/article/valid,1466881601,,200
c87b95,::1,POST,http://localhost/projet_lo07/web/app_dev.php/article/valid,1466881619,,200
34eddf,::1,POST,http://localhost/projet_lo07/web/app_dev.php/article/valid,1466881652,,200
543bcb,::1,GET,http://localhost/projet_lo07/web/app_dev.php/article/add,1466881656,,200
71d11c,::1,POST,http://localhost/projet_lo07/web/app_dev.php/article/valid,1466881658,,200
89b32c,::1,GET,http://localhost/projet_lo07/web/app_dev.php/article/add,1466881707,,200
464d6b,::1,POST,http://localhost/projet_lo07/web/app_dev.php/article/valid,1466881709,,200
af7640,::1,POST,http://localhost/projet_lo07/web/app_dev.php/article/valid,1466881719,,200
f59cec,::1,POST,http://localhost/projet_lo07/web/app_dev.php/article/valid,1466881728,,200
65dfc6,::1,POST,http://localhost/projet_lo07/web/app_dev.php/article/valid,1466881915,,200
0f3397,::1,POST,http://localhost/projet_lo07/web/app_dev.php/article/valid,1466881961,,200
d55b91,::1,POST,http://localhost/projet_lo07/web/app_dev.php/article/valid,1466881965,,200
ab8b03,::1,POST,http://localhost/projet_lo07/web/app_dev.php/article/valid,1466881999,,200
b19cda,::1,POST,http://localhost/projet_lo07/web/app_dev.php/article/valid,1466882213,,200
9c3de1,::1,POST,http://localhost/projet_lo07/web/app_dev.php/article/valid,1466882237,,200
8be620,::1,GET,http://localhost/projet_lo07/web/app_dev.php/article/add,1466882240,,200
2499f1,::1,POST,http://localhost/projet_lo07/web/app_dev.php/article/valid,1466882244,,200
0248be,::1,POST,http://localhost/projet_lo07/web/app_dev.php/article/valid,1466882280,,200
483b80,::1,GET,http://localhost/projet_lo07/web/app_dev.php/article/view,1466882364,6f3bfd,200
6f3bfd,::1,GET,http://localhost/projet_lo07/web/app_dev.php/article/view,1466882364,,500
4f6c44,::1,GET,http://localhost/projet_lo07/web/app_dev.php/article/view,1466882391,84869d,200
84869d,::1,GET,http://localhost/projet_lo07/web/app_dev.php/article/view,1466882391,,500
